{
    "knapsack_capacity": 6404180,
    "repeat_simulation": 5,
    "max_generations": 40,
    "tournament_size": 6,
    "max_stagnation": 12,
    "parameters": [
        {
            "crossover_probability": 0.9,
            "mutation_probability": 0.1,
            "population_size": 60
        },
        {
            "crossover_probability": 0.6,
            "mutation_probability": 0.1,
            "population_size": 60
        },
        {
            "crossover_probability": 0.35,
            "mutation_probability": 0.1,
            "population_size": 60
        },
        {
            "crossover_probability": 0.1,
            "mutation_probability": 0.1,
            "population_size": 60
        },



        {
            "crossover_probability": 0.6,
            "mutation_probability": 0,
            "population_size": 60
        },
        {
            "crossover_probability": 0.6,
            "mutation_probability": 0.5,
            "population_size": 60
        },
        {
            "crossover_probability": 0.6,
            "mutation_probability": 0.8,
            "population_size": 60
        },


        
        {
            "crossover_probability": 0.6,
            "mutation_probability": 0.1,
            "population_size": 10
        },
        {
            "crossover_probability": 0.6,
            "mutation_probability": 0.1,
            "population_size": 100
        },
        {
            "crossover_probability": 0.6,
            "mutation_probability": 0.1,
            "population_size": 400
        }
    ]
}